id,contract_type,clause_category,clause_text,risk_level,risk_reason,saudi_legal_note,recommended_revision,related_regulation,requires_escalation,language,industry,source_type,reviewed_by_lawyer,notes,verification_status
1,SaaS Agreement,Jurisdiction & Dispute Resolution,Any disputes arising under this agreement shall be submitted to the exclusive jurisdiction of the courts of England and Wales.,critical,Foreign jurisdiction clause creates a practical barrier to litigation for the Saudi party. Saudi courts may assert jurisdiction regardless of this clause.,المحاكم السعودية قد تنعقد اختصاصًا رغم وجود شرط الاختصاص الأجنبي خاصةً إذا كان محل التنفيذ داخل المملكة. شرط التحكيم في الرياض أنسب.,Replace with: disputes shall be resolved by arbitration in Riyadh under the rules of the Saudi Center for Commercial Arbitration (SCCA). Alternatively refer to the competent Saudi Commercial Court.,Saudi Commercial Courts Law (Royal Decree M/93 1441H) | Arbitration Law (Royal Decree M/34 1433H),yes,en,Technology,hypothetical,no,Standard boilerplate in foreign SaaS contracts that conflicts with Saudi legal practice,draft
2,Professional Services Agreement,Liability,The total liability of the Service Provider under this agreement shall not be limited in any way and shall include all direct indirect consequential and punitive damages without cap.,high,Unlimited liability exposure particularly for punitive damages may conflict with Saudi civil law principles and creates unsustainable commercial risk for the service provider.,نظام المعاملات المدنية السعودي يجيز تحديد المسؤولية اتفاقاً ضمن حدود معقولة. التعويض التعسفي (Punitive Damages) غير معترف به كمفهوم مستقل في الفقه السعودي والتعويض يقدر بالضرر الفعلي.,Replace with a liability cap tied to the total fees paid in the 12 months preceding the claim. Exclude punitive damages explicitly. Retain unlimited liability only for gross negligence and willful misconduct.,Saudi Civil Transactions Law (Royal Decree M/191 1443H) Arts. 173-180,yes,ar,Professional Services,hypothetical,no,Common issue when adapting Western contracts without Saudi-specific review,draft
3,Cloud Storage Agreement,Data Protection & Privacy,Client data may be stored and processed on servers located in the European Union. Service Provider may transfer Client data to any jurisdiction necessary for the provision of services.,critical,Cross-border data transfer without a legal basis violates PDPL. No mention of data subject consent or adequacy determination or SDAIA authorization. Broad transfer clause with no geographic or purpose limitation.,نظام حماية البيانات الشخصية (PDPL) يشترط مسوغاً قانونياً صريحاً لنقل البيانات الشخصية خارج المملكة. البند الحالي يفتقر لأي أساس قانوني ويعرض الشركة للمساءلة أمام سدايا.,Revise to: (1) specify lawful basis for transfer per PDPL Arts. 29-30 (2) restrict transfer to jurisdictions with adequate protection or SDAIA-approved safeguards (3) prohibit use of data beyond contracted service delivery (4) add breach notification obligation within 72 hours.,Personal Data Protection Law PDPL (Royal Decree M/19 1443H) Arts. 29-30 | SDAIA Implementing Regulations,yes,en,Technology,hypothetical,no,PDPL compliance is a recurring gap in foreign cloud and SaaS contracts operating in Saudi Arabia,draft
4,Employment Contract,Employment & Labor,تخضع العلاقة التعاقدية لفترة تجربة مدتها مئة وثمانين يومًا من تاريخ الالتحاق بالعمل يحق خلالها لأي من الطرفين إنهاء العقد دون إشعار مسبق أو تعويض.,high,فترة التجربة تتجاوز الحد الأقصى القانوني البالغ تسعين يومًا للوظائف العادية وهذا الشرط يُعدّ باطلاً نظامًا وقد يُعرّض صاحب العمل لمطالبات إضافية عند الإنهاء.,المادة 53 من نظام العمل م/51 لعام 1426هـ تحدد فترة التجربة بتسعين يومًا كحد أقصى قابلة للتمديد مرة واحدة لا تتجاوز تسعين يومًا إضافية للمهن التقنية والإدارية فقط بموافقة الطرفين. تجاوز هذا الحد يجعل الشرط الزائد باطلاً.,تعديل فترة التجربة إلى تسعين يومًا للوظائف العادية. وللمهن التقنية يجوز الاتفاق على تمديد إضافي بتسعين يومًا مع توثيق الموافقة كتابيًا على ألا يتجاوز الإجمالي مئة وثمانين يومًا.,نظام العمل السعودي م/51 لعام 1426هـ، المادة 53,yes,ar,General,hypothetical,no,,draft
5,Employment Contract,Saudization,يلتزم صاحب العمل بتوظيف الموارد البشرية المناسبة وفق متطلبات العمل دون التقيد بنسب توطين محددة.,critical,غياب التزام صريح بنظام نطاقات في قطاع التقنية المصنف ضمن القطاعات ذات النسب الإلزامية. قد يُعرّض المنشأة لعقوبات من وزارة الموارد البشرية وفقد تصنيف النطاقات الأخضر أو البلاتيني.,نظام نطاقات الصادر بموجب نظام العمل م/51 لعام 1426هـ ولوائح وزارة الموارد البشرية والتنمية الاجتماعية يُلزم المنشآت في القطاع الخاص بتحقيق نسب سعودة محددة تبعًا لحجم المنشأة والقطاع. قطاع التقنية لديه نسب سعودة إلزامية.,إضافة بند صريح يُلزم صاحب العمل بالامتثال لنظام نطاقات والحفاظ على نسبة التوطين المطلوبة للقطاع والفئة الحجمية مع تحديث النسبة عند تغيّر متطلبات الوزارة.,نظام العمل م/51 لعام 1426هـ ونظام نطاقات وزارة الموارد البشرية والتنمية الاجتماعية,yes,ar,Technology,hypothetical,no,,draft
6,Employment Contract,Employment & Labor,Employee agrees not to engage in any business activity competitive with Employer's business for a period of five years following termination of employment anywhere in the Kingdom of Saudi Arabia.,medium,Non-compete clauses of this duration and geographic scope may be unenforceable under Saudi law. Saudi courts apply a reasonableness standard; a five-year nationwide restriction is likely to be considered excessive and contrary to the employee's right to work.,المادة 83 من نظام العمل م/51 لعام 1426هـ تجيز شرط عدم المنافسة فقط إذا كان محدودًا بزمان ومكان ونشاط معقولين. المحاكم السعودية تميل إلى إبطال الشروط المفرطة التي تحرم الموظف من حق العمل لفترة مطوّلة أو على نطاق واسع.,Limit the non-compete restriction to a maximum of one year post-termination. Restrict it geographically to the city or region where the employee worked and limit it to the employee's specific role. Specify the client relationships or trade secrets being protected.,نظام العمل السعودي م/51 لعام 1426هـ، المادة 83,no,en,Professional Services,hypothetical,no,,draft
7,Employment Contract,Employment & Labor,يستحق الموظف إجازة سنوية مدفوعة الأجر مدتها أربعة عشر يومًا عن كل سنة عمل كاملة.,high,الإجازة السنوية المنصوص عليها في العقد أقل من الحد الأدنى القانوني البالغ أحدًا وعشرين يومًا للموظف الذي أمضى أقل من خمس سنوات مما يجعل هذا الشرط مخالفًا للنظام وباطلاً.,المادة 109 من نظام العمل م/51 لعام 1426هـ تُلزم بمنح العامل إجازة سنوية لا تقل عن أحد وعشرين يومًا عن كل سنة عمل كاملة وترتفع إلى ثلاثين يومًا بعد خمس سنوات. لا يجوز الاتفاق على ما هو أدنى من ذلك.,تعديل مدة الإجازة السنوية إلى أحد وعشرين يومًا كحد أدنى للسنوات الخمس الأولى وثلاثين يومًا ابتداءً من السنة الخامسة مع النص على عدم جواز التنازل عن الإجازة مقابل بدل مالي إلا بإذن كتابي مسبق.,نظام العمل السعودي م/51 لعام 1426هـ، المادة 109,yes,ar,Retail,hypothetical,no,,draft
8,Employment Contract,Employment & Labor,يتحمل صاحب العمل كامل تكاليف الرعاية الصحية والتأمين الاجتماعي للموظف وفق السياسة الداخلية للشركة.,critical,العقد لا ينص صراحةً على اشتراكات التأمينات الاجتماعية بالنسب المقررة نظامًا ويُحيل إلى سياسة داخلية قد تكون أدنى من المتطلبات النظامية مما يُعرّض المنشأة لغرامات مالية وعقوبات من المؤسسة العامة للتأمينات الاجتماعية.,نظام التأمينات الاجتماعية م/33 لعام 1421هـ يُلزم صاحب العمل بتسجيل الموظف السعودي واشتراك بنسبة لا تقل عن 9% من أجره الأساسي فضلاً عن حصة الموظف 9% ولا يجوز خفض هذه النسب أو الإعفاء منها باتفاق خاص.,إضافة بند صريح يلتزم فيه صاحب العمل بتسجيل الموظف في المؤسسة العامة للتأمينات الاجتماعية وسداد الاشتراكات بالنسب المقررة نظامًا من تاريخ الالتحاق بالعمل وإشعار الموظف بأي تغيير في بيانات التسجيل.,نظام التأمينات الاجتماعية م/33 لعام 1421هـ ولوائح المؤسسة العامة للتأمينات الاجتماعية (GOSI),yes,ar,Healthcare,hypothetical,no,,draft
9,Lease Agreement,Jurisdiction & Dispute Resolution,يتفق الطرفان على إبرام هذا العقد وتوثيقه لدى الجهة المختصة خلال مدة لا تتجاوز ستين يومًا من تاريخ التوقيع.,high,عدم النص الصريح على تسجيل العقد في منصة إيجار يُضعف قابلية إنفاذه أمام الجهات الرسمية. المحاكم السعودية تُولي الأولوية للعقود المسجلة في منصة إيجار عند النزاع وغيابه يُعرّض حقوق الطرفين للخطر.,منصة إيجار التابعة لوزارة الإسكان توفر منظومة توثيق إلكتروني لعقود الإيجار. التسجيل في إيجار شرط للحصول على الخدمات الحكومية المرتبطة بالإقامة ويُعزز حقوق الطرفين ويُتيح التقاضي الإلكتروني عند النزاع.,إضافة بند صريح يُلزم الطرفين بتسجيل العقد في منصة إيجار الإلكترونية خلال خمسة أيام عمل من تاريخ التوقيع مع تحديد الجهة المسؤولة عن التسجيل وتوزيع التكلفة إن وجدت.,منصة إيجار الإلكترونية — وزارة الإسكان المملكة العربية السعودية,yes,ar,Real Estate,hypothetical,no,,draft
10,Lease Agreement,Payment Terms,يحق لصاحب العقار تعديل قيمة الإيجار السنوي خلال مدة العقد في حال ارتفاع مستوى أسعار السوق بنسبة تزيد على خمسة بالمئة وفق تقدير صاحب العقار.,high,الشرط يمنح المؤجر صلاحية رفع الإيجار أحادية الجانب خلال سريان العقد استنادًا لتقديره الشخصي لأسعار السوق وهو ما يتعارض مع مبدأ ثبات العقد وقد يُعدّ تعسفًا في استخدام الحق.,نظام المعاملات المدنية م/191 لعام 1443هـ يُرسّخ مبدأ لزوم العقد وعدم جواز تعديله أحادي الجانب. شرط تعديل الأجرة ينبغي أن يستند إلى مؤشر موضوعي محدد وليس لتقدير طرف واحد.,ربط أي تعديل في الإيجار بمؤشر رسمي كمؤشر الرقم القياسي للأسعار الصادر عن الهيئة العامة للإحصاء مع تحديد سقف للزيادة لا يتجاوز خمسة بالمئة سنويًا وإشعار مسبق بثلاثة أشهر على الأقل.,نظام المعاملات المدنية م/191 لعام 1443هـ,yes,ar,Real Estate,hypothetical,no,,draft
11,Lease Agreement,Liability,يلتزم المستأجر بدفع مبلغ تأمين مبدئي مساوٍ لإيجار ستة أشهر كاملة كضمان لحسن تنفيذ الالتزامات التعاقدية يُردّ عند انتهاء العقد بعد خصم أي تلفيات.,medium,التأمين المطلوب يعادل ستة أشهر إيجار وهو مبلغ مرتفع قد يُعدّ شرطًا تعسفيًا. في حال النزاع تميل المحاكم إلى التدخل في الشروط غير المتوازنة المُثقلة للمستأجر.,نظام المعاملات المدنية م/191 لعام 1443هـ وأحكام العقود المقننة تُجيز اشتراط تأمين معقول غير أن الشروط المجحفة قابلة للطعن أمام المحاكم التجارية. المبالغ الشائعة في السوق لا تتجاوز شهرين إلى ثلاثة أشهر إيجار.,تحديد مبلغ التأمين بما لا يتجاوز إيجار شهرين أو ثلاثة أشهر كحد أقصى مع تفصيل إجراءات الخصم والمدة الزمنية لرد المبلغ بعد انتهاء العقد على ألا تتجاوز ثلاثين يومًا.,نظام المعاملات المدنية م/191 لعام 1443هـ,no,ar,Real Estate,hypothetical,no,,draft
12,Lease Agreement,Warranties,The tenant shall be responsible for all maintenance and repairs required during the lease term to maintain the property in good and tenantable condition.,low,Placing all maintenance responsibilities on the tenant without distinguishing structural from minor repairs is ambiguous and potentially conflicts with the landlord's fundamental obligations under Saudi tenancy principles.,وفق أحكام الإجارة في نظام المعاملات المدنية م/191 لعام 1443هـ يتحمل المؤجر الصيانة الهيكلية وما يُخل بالانتفاع فيما يتحمل المستأجر الصيانة التشغيلية البسيطة. الإسناد الكلي للمستأجر مخالف لهذا التوزيع.,Specify that the landlord is responsible for structural repairs and major systems including electrical plumbing and HVAC and any defects that affect habitability. The tenant is responsible only for minor day-to-day maintenance and damage caused by misuse. Define a monetary threshold to distinguish minor from major repairs.,نظام المعاملات المدنية م/191 لعام 1443هـ — أحكام عقد الإجارة,no,en,Real Estate,hypothetical,no,,draft
13,Construction Contract,Indemnification,The Contractor shall execute the works in accordance with the project specifications and deliver the completed works by the agreed completion date. The Contractor warrants the works against defects for one year from the date of practical completion.,critical,The absence of a performance bond requirement exposes the project owner to significant financial risk if the contractor defaults or abandons the project. Saudi government and major private projects universally require performance bonds as a condition of contract award.,نظام المنافسات والمشتريات الحكومية م/م/128 لعام 1440هـ يُلزم بتقديم ضمان حسن تنفيذ لا يقل عن 5% إلى 10% من قيمة العقد. غياب هذا الضمان يُعرّض المالك لخسائر جسيمة في حال إخلال المقاول أو تركه للمشروع.,Add a clause requiring the Contractor to provide a performance bond from a Saudi-licensed bank or insurance company equal to 10% of the contract value valid until the end of the defects liability period. The bond must be unconditional and payable on demand within five business days of written notice.,نظام المنافسات والمشتريات الحكومية م/م/128 لعام 1440هـ — اللوائح التنفيذية المادة 77,yes,en,Construction,hypothetical,no,,draft
14,Construction Contract,Liability,في حال تأخر المقاول عن إنجاز الأعمال في الموعد المحدد يلتزم بدفع غرامة تأخير يومية بنسبة عشرة بالمئة من إجمالي قيمة العقد لكل يوم تأخير دون سقف أعلى.,high,غرامة التأخير المحددة بنسبة 10% يوميًا من إجمالي العقد غرامة تعسفية فاحشة قد تتجاوز قيمة العقد في أيام معدودة. المحاكم السعودية تملك صلاحية تخفيض الشرط الجزائي المفرط.,المادة 176 من نظام المعاملات المدنية م/191 لعام 1443هـ تُجيز للقضاء تخفيض الشرط الجزائي إذا كان مبالغًا فيه أو إذا نُفِّذ جزء من الالتزام. الغرامة المعقولة في السوق السعودية تتراوح بين 0.1% و0.5% يوميًا بسقف إجمالي.,تعديل غرامة التأخير إلى نسبة يومية بين 0.1% و0.2% من قيمة العقد مع تحديد سقف إجمالي لا يتجاوز 10% من قيمة العقد مع استثناء حالات القوة القاهرة والتأخير الناجم عن المالك أو جهات خارجية.,نظام المعاملات المدنية م/191 لعام 1443هـ، المادة 176,yes,ar,Construction,hypothetical,no,,draft
15,Construction Contract,Corporate Governance,The Contractor may subcontract any portion of the works to qualified subcontractors at its sole discretion. يحق للمقاول من الباطن إبرام عقود من المستوى الثاني دون إشعار المالك.,high,Unrestricted subcontracting without owner consent removes the owner's ability to vet the qualifications of parties performing critical work. Cascading subcontracting dilutes accountability and can void insurance and warranty obligations on the project.,المادة 682 من نظام المعاملات المدنية م/191 لعام 1443هـ تُجيز المقاولة من الباطن ما لم يُحظر تعاقديًا. يُنصح بالحصول على موافقة كتابية مسبقة للمحافظة على الرقابة على الجودة والتزامات الضمان.,Require prior written consent from the owner before subcontracting any portion exceeding 20% of the contract value. Prohibit further sub-subcontracting without separate written consent. Require the contractor to remain fully liable for all subcontractor work and ensure subcontractors are licensed by the Saudi Contractors Authority.,نظام المعاملات المدنية م/191 لعام 1443هـ، المادة 682 | هيئة المقاولين السعوديين,yes,bilingual,Construction,hypothetical,no,,draft
16,NDA,Confidentiality,The Receiving Party agrees to keep strictly confidential all information of any nature whatsoever disclosed by the Disclosing Party including information that is publicly available or independently developed by the Receiving Party.,medium,Including publicly available information and independently developed information within the confidentiality obligation creates an unenforceable and unreasonable scope. Saudi courts applying civil law principles may void overbroad confidentiality clauses in their entirety.,وفق مبادئ نظام المعاملات المدنية م/191 لعام 1443هـ يجب أن يكون موضوع الالتزام التعاقدي محددًا وممكنًا. إلزام الطرف بحفظ سرية معلومات متاحة للعموم أو طوّرها باستقلالية يفتقر إلى المشروعية ويُضعف صحة الاتفاقية.,Narrow confidential information to exclude: (1) information already in the public domain through no breach of this agreement (2) information independently developed without use of disclosed information (3) information received from a third party without restriction and (4) information required to be disclosed by law or court order.,نظام المعاملات المدنية م/191 لعام 1443هـ | نظام حماية البيانات الشخصية م/19 لعام 1443هـ,no,en,Technology,hypothetical,no,,draft
17,NDA,Confidentiality,يلتزم الطرف المُستلم بالمحافظة على سرية جميع المعلومات المُفصح عنها التزامًا مؤبدًا لا ينتهي بانتهاء الاتفاقية أو العلاقة التجارية بين الطرفين.,medium,الالتزام المؤبد بالسرية قد يُعدّ مقيدًا بشكل غير معقول لحرية الطرف المُستلم في ممارسة نشاطه المستقبلي خاصةً بعد انتهاء الغرض التجاري وقد تُخفف منه المحاكم السعودية تطبيقًا لمبدأ التوازن العقدي.,نظام المعاملات المدنية م/191 لعام 1443هـ يُرسّخ مبدأ التوازن بين الحقوق والالتزامات. الالتزام الدائم الذي لا ينتهي يفتقر إلى العنصر الزمني الذي يُعدّ ركيزة أساسية لكثير من الالتزامات التعاقدية.,تحديد مدة التزام السرية بخمس سنوات من تاريخ الإفصاح أو ثلاث سنوات من انتهاء الاتفاقية أيهما أطول. استثناء الأسرار التجارية الجوهرية التي يمكن تمديد حمايتها ببنود مستقلة ومحددة النطاق.,نظام المعاملات المدنية م/191 لعام 1443هـ,no,ar,Finance,hypothetical,no,,draft
18,NDA,Intellectual Property,The Receiving Party shall not use any Confidential Information to develop competing products or services for a period of three years. The Receiving Party shall not reverse engineer any products disclosed under this Agreement.,high,Without a clear definition of what constitutes a trade secret the non-use obligation lacks sufficient certainty. Under Saudi law undefined obligations may be challenged as void for uncertainty and the reverse engineering prohibition may be unenforceable without specifying what information is proprietary.,نظام حماية الأسرار التجارية ضمن منظومة الملكية الفكرية تُشترط فيه عناصر محددة: أن تكون المعلومات غير معلومة عمومًا وأن تكون لها قيمة تجارية وأن يتخذ صاحبها تدابير معقولة لحمايتها. غياب التعريف يُضعف قابلية الإنفاذ.,Add a specific definition of Trade Secrets identifying categories of protected information such as algorithms client lists pricing models and technical specifications. Tie the non-use obligation to specifically identified categories of information. Reference Saudi IP law protections administered by the Saudi Authority for Intellectual Property.,نظام المعاملات المدنية م/191 لعام 1443هـ | أنظمة الهيئة السعودية للملكية الفكرية,yes,en,Technology,hypothetical,no,,draft
19,Commercial Agency Agreement,Termination,يحق لأي من الطرفين إنهاء هذه الاتفاقية بإخطار كتابي مدته ثلاثين يومًا دون أي التزام بالتعويض أو دفع أي مبالغ إضافية للطرف الآخر عند الإنهاء.,critical,نظام الوكالة التجارية السعودي يُلزم الموكّل الأجنبي بتعويض الوكيل المحلي عند إنهاء الوكالة دون مبرر مشروع. استثناء التعويض في العقد لا ينفي هذا الالتزام القانوني ويُعرّض الموكّل لدعاوى قضائية.,نظام الوكالة التجارية م/11 لعام 1382هـ وتعديلاته يُلزم بتسجيل الوكالة ويُحدد مستحقات الوكيل عند الإنهاء بما فيها التعويض عن الاستثمارات المُنجزة والسمعة التجارية المكتسبة. لا يُحتج بالنص العقدي المخالف على الوكيل.,إضافة بند تعويض واضح يُحدد معايير احتساب التعويض عند الإنهاء بما يشمل: العمولات المستحقة خلال فترة الإشعار والتعويض عن الاستثمارات التسويقية المُنجزة للعلامة التجارية والأرباح المتوقعة عن الفترة المتبقية من العقد.,نظام الوكالة التجارية م/11 لعام 1382هـ وتعديلاته,yes,ar,General,hypothetical,no,,draft
20,Commercial Agency Agreement,Governing Law,يتولى الوكيل تسويق منتجات الموكّل وتقديم الخدمات في المملكة العربية السعودية دون الحاجة إلى تسجيل هذه الوكالة لدى أي جهة حكومية.,high,الوكالة التجارية غير المُسجلة في سجل الوكالات التجارية بوزارة التجارة لا تتمتع بالحماية النظامية الكاملة. ممارسة نشاط الوكالة التجارية دون تسجيل يُعرّض الطرفين لعقوبات إدارية وتبعات قانونية.,المادة 3 من نظام الوكالة التجارية م/11 لعام 1382هـ وتعديلاته تُلزم بتسجيل عقود الوكالة التجارية لدى وزارة التجارة قبل ممارسة النشاط. الوكالة غير المُسجلة لا تُعترف بها في النزاعات أمام الجهات الرسمية.,إضافة بند صريح يُلزم الطرفين بتسجيل الوكالة في وزارة التجارة قبل بدء أي نشاط تجاري مع تحديد الجهة المسؤولة عن إجراءات التسجيل والتكاليف المترتبة وإيقاف أي التزامات مالية حتى اكتمال التسجيل.,نظام الوكالة التجارية م/11 لعام 1382هـ، المادة 3,yes,ar,General,hypothetical,no,,draft
21,SaaS Agreement,Termination,This Agreement shall automatically renew for successive one-year terms unless either party provides written notice of non-renewal at least ninety days prior to the end of the then-current term. Renewal shall be at the then-current list price.,medium,Automatic renewal with a 90-day notice window and uncapped price escalation creates vendor lock-in risk. Clients may miss the notice window resulting in unintended renewal at significantly higher prices with no contractual ceiling on the increase.,نظام المعاملات المدنية م/191 لعام 1443هـ يُجيز التجديد التلقائي للعقود إذا كان منصوصًا عليه. غير أن التجديد المقرون برفع الأسعار الأحادي الجانب دون موافقة مسبقة على النسبة قد يُعدّ إخلالاً بمبدأ التوازن العقدي.,Reduce the auto-renewal notice period to 30 days. Cap any price increase at renewal to a maximum of 5% above the prior year's rate or tie it to the official Saudi CPI. Require the vendor to send an explicit renewal reminder no less than 60 days before the notice deadline.,نظام المعاملات المدنية م/191 لعام 1443هـ,no,en,Technology,hypothetical,no,,draft
22,SaaS Agreement,Data Protection & Privacy,يوافق العميل بموجب هذا العقد على معالجة بياناته الشخصية وبيانات مستخدميه النهائيين من قِبل مزوّد الخدمة لأغراض تحليل الاستخدام وتحسين المنتج وإنشاء نماذج تدريب الذكاء الاصطناعي.,critical,الموافقة المضمّنة في العقد التجاري لا تُعدّ موافقة مستقلة وصريحة على المعالجة وفق متطلبات نظام حماية البيانات الشخصية. استخدام البيانات لتدريب نماذج الذكاء الاصطناعي يستلزم أساسًا قانونيًا مستقلاً. العقوبات قد تبلغ خمسة ملايين ريال.,المادة 5 من نظام حماية البيانات الشخصية م/19 لعام 1443هـ تشترط أن تكون الموافقة على المعالجة صريحة ومستقلة ومحددة الغرض. دمج الموافقة ضمن بنود عقد تجاري لا يستوفي هذا الشرط. المادة 29 تُقيّد الاستخدام بالأغراض المُصرّح بها فقط.,إفراد سياسة معالجة بيانات مستقلة تُحدد أغراض المعالجة بدقة والأساس القانوني لكل غرض وآلية الحصول على الموافقة الصريحة وحقوق صاحب البيانات في السحب والتصحيح. تسجيل أنشطة المعالجة لدى الهيئة السعودية للبيانات والذكاء الاصطناعي (سدايا).,نظام حماية البيانات الشخصية م/19 لعام 1443هـ، المواد 5 و29 | لوائح سدايا التنفيذية,yes,ar,Technology,hypothetical,no,,draft
23,Supply Agreement,Indemnification,The Supplier shall indemnify defend and hold harmless the Buyer from and against any and all losses damages costs and expenses of any nature arising from or related to any delay in delivery without limitation.,high,Unlimited indemnification for delivery delays creates disproportionate financial exposure for the supplier. Under Saudi law courts may reduce or invalidate indemnification clauses that are excessively punitive and such clauses may create uninsurable risk for the supplier.,المادة 176 من نظام المعاملات المدنية م/191 لعام 1443هـ تُخوّل المحكمة تخفيض الشرط الجزائي المبالغ فيه إلى ما يساوي الضرر الفعلي. التعويض غير المحدود يفتقر إلى التناسب ويُثقل الطرف بالتزامات تفوق حجم الصفقة.,Cap indemnification for delivery delays at a fixed multiple of the contract value for the delayed order such as 110% of the relevant purchase order value. Exclude consequential damages and lost profits. Include a force majeure carve-out. Require the supplier to carry logistics liability insurance from a Saudi-licensed insurer.,نظام المعاملات المدنية م/191 لعام 1443هـ، المادة 176,yes,en,Logistics,hypothetical,no,,draft
24,Supply Agreement,Payment Terms,يلتزم المشتري بسداد ثمن البضائع خلال مئة وثمانين يومًا من تاريخ استلامها وتوقيع محضر الاستلام دون فائدة على التأخر في السداد خلال هذه المدة.,low,مدة السداد البالغة مئة وثمانين يومًا تُشكّل ضغطًا تمويليًا على المورّد وإن كانت مشروعة في ذاتها. غياب أي آلية للتعامل مع تأخر المشتري بعد انتهاء المدة المتفق عليها يترك المورّد دون حماية فعلية.,نظام المعاملات المدنية م/191 لعام 1443هـ يُجيز الاتفاق على آجال السداد غير أن المادة 178 تنظم التعويض عن الضرر عند الإخلال. يُنصح بإضافة آلية للتعامل مع التأخر عن المدة المتفق عليها لضمان حق المورّد.,إضافة بند يُحدد الإجراءات عند تأخر المشتري عن السداد بعد انتهاء المدة بما يشمل إشعارًا كتابيًا بسبعة أيام وغرامة تأخير لا تتجاوز نسبة الرسوم البنكية الرسمية السائدة وحق إيقاف الإمدادات المستقبلية حتى تسوية المتأخرات.,نظام المعاملات المدنية م/191 لعام 1443هـ، المادتان 178 و179,no,ar,Logistics,hypothetical,no,,draft
25,Professional Services Agreement,Intellectual Property,All intellectual property inventions software methodologies and work product developed by the Service Provider in connection with this engagement shall remain the sole and exclusive property of the Service Provider.,high,Retaining IP ownership with the service provider means the client pays for development but cannot own modify or build upon the deliverables. This creates strategic lock-in and may conflict with the client's reasonable expectations about ownership of bespoke deliverables.,نظام حق المؤلف م/م/41 لعام 1424هـ يُقر بأن الملكية الفكرية تعود بالأصل للمنشئ ما لم يُنص على خلاف ذلك عقديًا. في حال كانت الأعمال منجزة لحساب جهة أخرى يجب النص الصريح على نقل الملكية أو منح ترخيص كافٍ في العقد.,Assign all custom deliverables source code documentation and work product specifically created for this engagement to the client upon full payment. The service provider retains ownership of pre-existing tools and frameworks but must grant the client a perpetual royalty-free license to use them as incorporated in the deliverables.,نظام حق المؤلف م/م/41 لعام 1424هـ | الهيئة السعودية للملكية الفكرية,yes,en,Technology,hypothetical,no,,draft
26,Professional Services Agreement,Force Majeure,يلتزم مزوّد الخدمة بأداء جميع الخدمات المتفق عليها في المواعيد المحددة تحت طائلة المسؤولية الكاملة عن أي تأخير مهما كان سببه.,medium,الإلزام المطلق بالأداء في المواعيد بصرف النظر عن السبب يحمّل مزوّد الخدمة مسؤولية ناشئة عن أحداث خارج عن إرادته كالكوارث الطبيعية والقرارات الحكومية مما يُنشئ التزامات غير معقولة تتعارض مع مبادئ القوة القاهرة.,المادتان 173 و174 من نظام المعاملات المدنية م/191 لعام 1443هـ تُقرّان انقضاء الالتزام إذا استحال تنفيذه لسبب أجنبي لا يد للمدين فيه. الإطلاق في المسؤولية يتعارض مع هذه الأحكام ويستلزم التصحيح العقدي.,إضافة بند صريح للقوة القاهرة يُحدد الأحداث المشمولة كالكوارث الطبيعية والقرارات الحكومية والأوبئة المُعلنة وإجراء الإشعار خلال 48 ساعة وأثر القوة القاهرة وهو تعليق الالتزامات وليس إسقاطها وآلية إعادة التفاوض في حال استمرارها.,نظام المعاملات المدنية م/191 لعام 1443هـ، المادتان 173 و174,no,ar,Professional Services,hypothetical,no,,draft
27,Shareholder Agreement,Corporate Governance,Resolutions of the board of directors shall be passed by a simple majority of directors present at any meeting provided that a quorum of two directors is present. قرارات مجلس الإدارة تصدر بأغلبية من حضر شريطة حضور مديرَين اثنين.,critical,A two-person quorum for board resolutions may be insufficient under the Saudi Companies Law for major corporate decisions. Resolutions passed without proper quorum are void and may expose shareholders and officers to personal liability for unauthorized decisions.,المادة 74 من نظام الشركات م/132 لعام 1443هـ تحدد نصاب انعقاد مجلس الإدارة في الشركات بحضور أغلبية أعضائه. اشتراط نصاب من مديرَين فقط قد لا يستوفي المتطلب القانوني ويُعرّض قرارات الشركة للطعن والإبطال.,Set the quorum at the majority of board members as required by the Saudi Companies Law. For major decisions such as asset disposals exceeding 25% of company value or related-party transactions require a supermajority of two-thirds. Align quorum requirements with the specific company type registered under the 2022 Companies Law.,نظام الشركات م/132 لعام 1443هـ، المادة 74,yes,bilingual,Finance,hypothetical,no,,draft
28,Shareholder Agreement,Corporate Governance,يُحدد مجلس الإدارة سياسة توزيع الأرباح بصلاحية تقديرية كاملة ولا يلتزم بتوزيع أي أرباح على المساهمين حتى في حال تحقيق أرباح صافية موجبة.,medium,منح مجلس الإدارة صلاحية تقديرية مطلقة في حجب الأرباح رغم تحقق الأرباح الصافية قد يتعارض مع حقوق المساهمين المحمية نظامًا ويُثير دعاوى الضغط والإساءة في إدارة الشركة خاصةً من المساهمين الأقلية.,نظام الشركات م/132 لعام 1443هـ يُحدد الحد الأدنى للاحتياطي النظامي وشروط التوزيع. المادة 131 تُنظّم توزيع الأرباح وتُقرّ حق المساهمين في نصيبهم. التقدير المطلق لمجلس الإدارة في الحجب يستلزم تقييدًا لحماية المساهمين الأقلية.,إضافة سياسة توزيع أرباح مكتوبة تُحدد الحد الأدنى لنسبة التوزيع من الأرباح الصافية بعد احتياطيات النظام مع اشتراط موافقة أغلبية المساهمين على أي قرار احتجاز استثنائي وليس المجلس منفردًا.,نظام الشركات م/132 لعام 1443هـ، المادة 131,no,ar,Finance,hypothetical,no,,draft
29,Franchise Agreement,Governing Law,The Franchisor grants the Franchisee the right to operate the franchise business in the Kingdom of Saudi Arabia under the brand and system of the Franchisor. يمنح المرخّص للمرخّص له حق تشغيل الامتياز التجاري في المملكة العربية السعودية.,low,Foreign franchise arrangements operating in Saudi Arabia may require MISA licensing or commercial registration depending on the structure. The absence of any reference to regulatory compliance with Saudi investment rules creates a compliance gap that can delay operations.,هيئة الاستثمار (مِسا) تشترط تسجيل الشركات والترتيبات الاستثمارية الأجنبية العاملة في المملكة. الامتياز التجاري من شركة أجنبية قد يستلزم تسجيل الاتفاقية أو الحصول على ترخيص استثماري تبعًا للهيكل القانوني المُعتمد.,Add a compliance clause requiring both parties to confirm that the franchise arrangement complies with MISA licensing requirements and applicable sector-specific regulations before commencing operations. Assign responsibility for maintaining regulatory compliance to the franchisee with franchisor oversight rights and audit access.,هيئة الاستثمار (مِسا) | نظام الشركات م/132 لعام 1443هـ,no,bilingual,Retail,hypothetical,no,,draft
30,Cloud Storage Agreement,Data Protection & Privacy,In the event of a security incident affecting client data the Service Provider shall notify the client within a reasonable timeframe. في حال وقوع حادثة أمنية تؤثر على بيانات العميل يُبلَّغ العميل في وقت مناسب.,critical,A reasonable timeframe notification standard does not meet the 72-hour mandatory notification requirement under PDPL. Vague language creates compliance risk for both parties as the client cannot notify SDAIA and affected data subjects within the statutory deadline.,المادة 20 من نظام حماية البيانات الشخصية م/19 لعام 1443هـ ولوائحه التنفيذية تُلزم مراقب البيانات بإخطار الهيئة السعودية للبيانات والذكاء الاصطناعي (سدايا) خلال 72 ساعة من اكتشاف الاختراق. التأخر يُعرّض الشركة لغرامات تصل إلى خمسة ملايين ريال.,Replace reasonable timeframe with explicit obligations: (1) notify the client within 24 hours of discovery (2) provide a full incident report within 72 hours (3) cooperate with client notification to SDAIA within the statutory 72-hour window (4) notify affected Saudi data subjects as directed by SDAIA (5) maintain a written incident response log accessible to the client.,نظام حماية البيانات الشخصية م/19 لعام 1443هـ، المادة 20 | لوائح سدايا التنفيذية,yes,bilingual,Technology,hypothetical,no,,draft
31,Employment Contract,Employment & Labor,يُحتسب بدل مكافأة نهاية الخدمة على أساس نصف شهر عن السنوات الخمس الأولى وشهر عن السنوات التالية من آخر أجر تقاضاه العامل.,high,احتساب مكافأة نهاية الخدمة بهذه الصيغة يخالف النظام الذي يُوجب أجر نصف شهر عن كل سنة من الخمس الأولى ثم أجر شهر كامل.,المادة 84 من نظام العمل م/51 تُحدد مكافأة نهاية الخدمة: أجر نصف شهر عن كل سنة من السنوات الخمس الأولى وأجر شهر عن كل سنة تالية. يُؤخذ الأجر الأخير أساساً للحساب.,تصحيح الصياغة إلى أجر نصف شهر عن كل سنة من السنوات الخمس الأولى وأجر شهر كامل عن كل سنة تالية وفق نص المادة 84.,نظام العمل السعودي م/51 لعام 1426هـ، المادة 84,yes,ar,General,hypothetical,no,من أكثر البنود خطأ في صياغة العقود,field_tested
32,Employment Contract,Employment & Labor,يحق لصاحب العمل تعديل واجبات الموظف ومكان عمله وراتبه منفرداً وفق مقتضيات العمل دون الحاجة لموافقة الموظف.,critical,الشرط يمنح صاحب العمل صلاحية تعديل العناصر الجوهرية للعقد بصورة انفرادية مطلقة دون رضى العامل. يُعد تعسفياً وباطلاً.,المادة 31 من نظام المعاملات المدنية م/191 تُعرِّف العقد بارتباط الإيجاب والقبول ولا تجيز تعديله انفرادياً. المادة 13 من نظام العمل تحظر اشتراط ما يخالف أحكام النظام.,تعديل البند بحيث يخضع أي تعديل في العناصر الجوهرية لموافقة كتابية من الموظف.,نظام المعاملات المدنية م/191 لعام 1443هـ، المادة 31 | نظام العمل م/51، المادة 13,yes,ar,General,hypothetical,no,يظهر بكثرة في عقود العمل بالقطاع الخاص,field_tested
33,Employment Contract,Employment & Labor,يجوز لصاحب العمل تشغيل العامل اثنتي عشرة ساعة يومياً في مواسم الذروة دون أجر إضافي عن الساعات الزائدة.,high,تشغيل العامل 12 ساعة يومياً دون أجر إضافي يتجاوز الحد الأقصى لساعات العمل ويسقط حق العامل في أجر الساعات الإضافية.,المادة 98 من نظام العمل م/51 تحدد ساعات العمل بـ8 ساعات يومياً. المادة 107 تُلزم بأجر إضافي عن ساعات العمل الإضافية بنسبة 50% من الأجر الأساسي.,تحديد ساعات العمل الأساسية بـ8 ساعات يومياً مع سقف 3 ساعات إضافية وبأجر 150%. النص على أن العمل الإضافي تطوعي غير إلزامي.,نظام العمل السعودي م/51، المادتان 98 و107,yes,ar,Retail,hypothetical,no,شائع في قطاع التجزئة والمطاعم خلال المواسم,field_tested
34,Employment Contract,Employment & Labor,يلتزم الموظف بعدم الالتحاق بأي عمل لدى أي جهة أخرى أثناء سريان العقد وفي أي قطاع كان.,medium,شرط عدم المنافسة أثناء سريان العقد واسع جداً وقد يشمل قطاعات لا تمت بصلة لنشاط صاحب العمل. نظام العمل يجيزه في حدود النشاط المباشر فقط.,المادة 83 من نظام العمل م/51 تجيز اشتراط عدم منافسة العامل لصاحب العمل أثناء سريان العقد ضمن نطاق نشاطه التنافسي المباشر.,تقييد المنع بالنشاط التجاري المباشر لصاحب العمل والقطاع الذي يعمل فيه الموظف تحديداً.,نظام العمل السعودي م/51، المادة 83,no,ar,Professional Services,hypothetical,no,توسيع نطاق المنع أثناء العقد يختلف عن المنع بعد انتهائه,field_tested
35,Lease Agreement,Payment Terms,يتحمل المستأجر جميع رسوم الخدمات والمرافق والصيانة الدورية والضرائب العقارية دون تحديد سقف أو آلية للتحقق منها.,high,تحميل المستأجر جميع رسوم المرافق والصيانة دون سقف ينشئ التزاماً مفتوحاً غير محدد القيمة يخالف مبدأ تحديد الالتزام.,نظام المعاملات المدنية م/191 يُشترط أن يكون محل الالتزام معيناً أو قابلاً للتعيين. الالتزام المفتوح دون سقف يُعد غرراً وقد يُبطل الشرط.,تحديد الخدمات والمرافق التي يتحملها المستأجر حصراً مع إعفائه من الصيانة الهيكلية والضرائب العقارية ووضع آلية للتحقق من الفواتير.,نظام المعاملات المدنية م/191 لعام 1443هـ — أحكام عقد الإجارة,yes,ar,Real Estate,hypothetical,no,ثغرة شائعة في عقود الإيجار التجاري المطولة,field_tested
36,Supply Agreement,Force Majeure,The Supplier shall not be relieved from its obligations for any reason including force majeure natural disasters or government actions unless expressly stated in a written amendment.,high,Excluding force majeure entirely from a supply agreement conflicts with Saudi civil law principles that recognise impossibility of performance due to external causes.,المادتان 173 و174 من نظام المعاملات المدنية م/191 تنصان على أن الالتزام ينقضي إذا استحال تنفيذه لسبب أجنبي لا يد للمدين فيه. استبعاد القوة القاهرة بالكلية مخالف للنظام العام.,Add a force majeure clause listing qualifying events with suspension effect. Include 5-day notice and renegotiation obligation if exceeding 30 days.,نظام المعاملات المدنية م/191 لعام 1443هـ، المادتان 173 و174,yes,en,Logistics,hypothetical,no,شائع في عقود التوريد الدولية حيث يحاول المشتري نقل المخاطر كاملة,field_tested
37,Supply Agreement,Warranties,All goods supplied must comply with the Suppliers internal quality standards as amended from time to time at the Suppliers sole discretion.,medium,Quality standards defined unilaterally and modifiable at the suppliers sole discretion create uncertainty. Saudi law requires contractual obligations to be sufficiently defined.,المادة 31 من نظام المعاملات المدنية م/191 تتطلب أن يكون محل العقد معيناً أو قابلاً للتعيين. معيار الجودة المتغير بإرادة طرف واحد يفتقر إلى التحديد الكافي.,Define quality by reference to published standards SASO ISO ASTM with a specific version. Changes require mutual written agreement. Add right to reject non-conforming goods.,نظام المعاملات المدنية م/191 لعام 1443هـ، المادة 31 | الهيئة السعودية للمواصفات والمقاييس SASO,no,en,Logistics,hypothetical,no,ذو صلة خاصة بعقود التوريد عبر الحدود,field_tested
38,Construction Contract,Payment Terms,The Employer shall release the retention money upon issuance of the Taking Over Certificate without specifying a deadline for issuance of the certificate itself.,high,The release of retention money is tied to a certificate whose issuance deadline is undefined. The contractor could face indefinite withholding.,نظام المعاملات المدنية م/191 يُقر مبدأ حسن تنفيذ العقود المادة 95. ربط استحقاق مبلغ مالي بشرط إجرائي غير محدد المدة يُعد تعسفاً.,تحديد مدة أقصى لإصدار شهادة الاستلام المبدئي 28 يوماً مع آلية إصدار تلقائي عند عدم رد صاحب العمل. ربط تحرير 50% من الحسم بالاستلام المبدئي.,نظام المعاملات المدنية م/191 لعام 1443هـ، المادة 95,yes,en,Construction,hypothetical,no,ممارسة شائعة في عقود الإنشاء تخل بتوازن الطرفين,field_tested
39,Construction Contract,Liability,The Contractor shall obtain and maintain such insurance as it deems appropriate for the execution of the works.,critical,Vesting sole discretion in the contractor to determine insurance coverage leaves the project owner exposed to uninsured losses.,نظام المنافسات والمشتريات الحكومية م/128 لعام 1440هـ يُلزم بتقديم وثائق تأمين محددة. غياب تحديد أنواع وحدود التغطية التأمينية يُعرّض المالك لخسائر غير مغطاة.,Specify minimum insurance: CAR for full reinstatement value third-party liability SAR 5M per occurrence workmen compensation. Owner named as co-insured.,نظام المنافسات والمشتريات الحكومية م/128 لعام 1440هـ,yes,en,Construction,hypothetical,no,غياب التأمين من أكثر الثغرات خطورة في عقود الإنشاء الخاصة,field_tested
40,Shareholder Agreement,Corporate Governance,Any shareholder may transfer its shares to any third party at any time provided the transfer price is paid in full to the transferring shareholder.,critical,Absence of pre-emption rights for existing shareholders on share transfers means a shareholder could sell to a competitor without existing shareholders opportunity to acquire first.,نظام الشركات م/132 لعام 1443هـ يُقر مبدأ حرية نقل الأسهم لكنه يُجيز اشتراط حق الشفعة في النظام الأساسي. غياب هذا الحق يُضعف حماية باقي الشركاء.,Add ROFR clause: selling shareholder must offer shares to existing shareholders pro rata at same price. Allow 30 days to accept. Tag-along rights for minority on transfers exceeding 50%.,نظام الشركات م/132 لعام 1443هـ,yes,en,Finance,hypothetical,no,أساسي لحماية استقرار هيكل الملكية في الشركات العائلية,field_tested
41,Shareholder Agreement,Corporate Governance,A director who has a conflict of interest in a matter before the board may vote on that matter if the director discloses the interest to the chairman orally before the vote.,high,Permitting a conflicted director to vote after mere oral disclosure provides insufficient protection. Saudi Companies Law requires conflicted directors to abstain from voting.,المادة 75 من نظام الشركات م/132 لعام 1443هـ تُلزم عضو مجلس الإدارة الذي له مصلحة بالإفصاح عنها والامتناع عن التصويت. يجب إثبات الإفصاح والامتناع في محضر الجلسة.,Require conflicted directors to declare in writing abstain from discussion and voting and have both recorded in board minutes. Transactions exceeding 5% of assets require independent approval.,نظام الشركات م/132 لعام 1443هـ، المادة 75,yes,en,Finance,hypothetical,no,حوكمة الشركات العائلية تحتاج هذا البند تحديداً,field_tested
42,Professional Services Agreement,Employment & Labor,For a period of two years after termination the Client shall not directly or indirectly solicit employ or engage any employee or contractor of the Service Provider.,medium,A broad non-solicitation clause covering all employees without limitation on role may be unenforceable. Saudi courts apply reasonableness standard to restrictive covenants.,المادة 83 من نظام العمل م/51 تجيز شروط عدم المنافسة والاستقطاب في حدود ضيقة. منع استقطاب أي موظف أو مقاول دون تحديد يخالف مبدأ المعقولية.,Limit non-solicitation to key personnel directly involved in the engagement. Restrict to 12 months. Exclude general job advertisements.,نظام العمل م/51، المادة 83 | نظام المعاملات المدنية م/191 لعام 1443هـ,no,en,Technology,hypothetical,no,يظهر في عقود الاستشارات وخدمات التعهيد,field_tested
43,Professional Services Agreement,Payment Terms,The Client shall pay invoices within thirty days of receipt. Any disputed amounts do not affect the obligation to pay the undisputed portion in full.,low,The obligation to pay even during a dispute favours the service provider disproportionately. Saudi courts may view payment during unresolved dispute as commercially imbalanced.,نظام المعاملات المدنية م/191 يُقر مبدأ حسن تنفيذ العقود. المادة 95 تُلزم الطرفين بالتعاون. يُنصح بآلية فض منازعات سريعة.,Add structured dispute mechanism: notify disputed items within 10 days pay undisputed in 30 days refer disputed to senior executive for resolution in 15 business days.,نظام المعاملات المدنية م/191 لعام 1443هـ، المادة 95,no,en,Technology,hypothetical,no,يفيد في عقود الخدمات الممتدة ويحفظ حقوق الطرفين,field_tested
44,Franchise Agreement,Governing Law,يمنح مانح الامتياز للممنوح حق استخدام العلامة التجارية في منطقة نفوذه التجارية داخل المملكة العربية السعودية.,high,مصطلح منطقة نفوذه التجارية غير معرف تعاقدياً مما يفتح الباب لنزاع حول حدود المنطقة الجغرافية الحصرية للممنوح.,المادة 31 من نظام المعاملات المدنية م/191 تتطلب تعيين محل العقد. نظام الامتياز التجاري يتطلب تحديد المنطقة الجغرافية بوضوح.,تحديد المنطقة الجغرافية الحصرية بدقة: أسماء المدن والأحياء مع النص على حصرية تامة خلال مدة العقد.,نظام المعاملات المدنية م/191 لعام 1443هـ، المادة 31 | نظام الامتياز التجاري وزارة التجارة,yes,ar,Retail,hypothetical,no,ثغرة خطيرة في عقود الامتياز التجاري الحديثة,field_tested
45,Franchise Agreement,Warranties,The Franchisor may update the operations manual and brand standards at any time and the Franchisee shall comply within thirty days at its own cost.,medium,Unilateral modification of operational standards with compliance at franchisee cost creates an open-ended financial obligation.,المادتان 31 و95 من نظام المعاملات المدنية م/191 تُشترطان تعيين محل الالتزام وحسن التنفيذ. إلزام الممنوح بتكاليف غير محددة لتغييرات أحادية يُعد إخلالاً بالتوازن العقدي.,Cap annual compliance upgrade costs at 10% of annual fees. Require cost estimate before any mandatory upgrade. Allow 90-day phase-in period.,نظام المعاملات المدنية م/191 لعام 1443هـ، المادتان 31 و95,no,ar,Retail,hypothetical,no,ممارسة معروفة في مجال الامتياز التجاري تحتاج موازنة,field_tested
